model,MSE,RMSE,R_squared
model1,2.55881660663334,1.59963014682562,0.130110876652359
